group,fixture,iteration,normalized_gap,certified_gap_upper,sigma_min_up,sigma_min_down,alpha_lower_up,alpha_lower_down,rcond_up,rcond_down,direction_error_upper,normalized_direction_upper,observed_error,relative_observed_error,observed_over_bound,fp32_cast_error,cg,line_trials,gradient_norm
stage,tuned,0,0.03735431746283596,0.046522024837078985,4.790246435064364e-05,3.7724706207382056e-05,4.790245212394732e-05,3.772469190450935e-05,0.00012939482291707301,8.712293147996454e-05,96.50225775440586,3.482225280744555,1.4081375986426097,0.050811788852030734,0.014591758072917422,6.756870787837446e-07,0,0,0.7872080233328974
stage,tuned,1,0.007635148860130459,0.009508422671324226,4.796934079641627e-05,3.7618528385007126e-05,4.796932857456495e-05,3.7618514125091964e-05,0.00012957573626895934,8.687755200275357e-05,43.71872832454608,1.5775637229252997,0.23322391425403738,0.008415743104753197,0.0053346454298189815,6.962496085730056e-07,2,1,0.06748398689341138
stage,tuned,2,0.0005839443174242377,0.0007272148807937429,4.7956272950963047e-05,3.758107177219394e-05,4.795626071109702e-05,3.7581057517143e-05,0.00012954045037134721,8.67910417105244e-05,12.085634822145146,0.43610278236831346,0.016980535322984127,0.0006127322899819135,0.0014050180708645769,7.018885186999459e-07,5,2,0.0034917304479245128
stage,tuned,3,1.2822833739493453e-05,1.597003654851411e-05,4.795753309789714e-05,3.7580552716440625e-05,4.795752088117294e-05,3.758053848400503e-05,0.00012954385797686523,8.678984126046602e-05,1.7923913629640187,0.06467735224377728,0.000383279119966724,1.383039394297445e-05,0.0002138367367118462,7.017891839639307e-07,9,3,0.0001094726126455319
stage,tuned,4,1.0554346112203354e-07,1.3258863340168472e-07,4.795752936322764e-05,3.758054051093848e-05,4.795751714359776e-05,3.75805262482273e-05,0.00012954384787178976,8.678981308065487e-05,0.16301700008479447,0.0058823693050900835,3.26773630905923e-06,1.1791427735477523e-07,2.004537138678477e-05,7.014302415526244e-07,14,4,1.1113182282713151e-06
stage,tuned,5,5.288709804116559e-08,6.70141724293562e-08,4.7957529469947664e-05,3.7580540582307436e-05,4.795751718680755e-05,3.758052633072709e-05,0.00012954384816056246,8.678981324522821e-05,0.11583623060195988,0.004179879932497069,1.6367325364676331e-06,5.906049815757367e-08,1.412971164515725e-05,7.009781813726451e-07,21,6,5.55663474170817e-07
stage,tuned,6,5.288066767758651e-08,6.700691090464134e-08,4.795752946996369e-05,3.758054058231799e-05,4.7957517226548214e-05,3.7580526252109336e-05,0.0001295438481605986,8.678981324525915e-05,0.11583006251487168,0.004179657360825772,1.6365330819477862e-06,5.905330096252838e-08,1.412874211077688e-05,7.009782146313683e-07,28,20,5.555956506394501e-07
stage,low,0,0.07662799505295195,0.15886428719032186,4.1070965695604616e-05,4.478503900096042e-05,4.1070950771256956e-05,4.4785019843398144e-05,9.410549485202414e-05,7.727830020669396e-05,174.47301511281887,6.2957526401069765,3.035297690944636,0.10952687118363193,0.01739694639301059,6.473800001260854e-07,0,0,1.6070550412589752
stage,low,1,0.010744456549729995,0.02227108911727399,4.273954691854099e-05,4.486023207730817e-05,4.2739532072700445e-05,4.486021293872422e-05,9.792976557104382e-05,7.740752219152627e-05,64.25227403710467,2.318504231960499,0.3138885124571859,0.011326476072671688,0.004885251411894313,6.936876740252873e-07,3,1,0.06468561700847199
stage,low,2,0.0007946310694337514,0.0016471105169131946,4.270495144342256e-05,4.486163853394512e-05,4.2704936566306764e-05,4.486161936252476e-05,9.785046227439367e-05,7.740996482212263e-05,17.480986555883486,0.6307907683587225,0.02333291596817708,0.0008419540822006487,0.0013347596769545046,7.004760394385631e-07,6,2,0.0051589585212490924
stage,low,3,1.2041600150526056e-05,2.4961286427658522e-05,4.2708444824409984e-05,4.4864483919631197e-05,4.2708429986392444e-05,4.486446476853586e-05,9.785846875673219e-05,7.74148736139166e-05,2.1516464951147256,0.0776408551972126,0.00038584716372280445,1.3923060240092996e-05,0.0001793264667773556,7.012054074262792e-07,10,3,0.00013560253136178597
stage,low,4,1.2299389768694628e-07,2.56434554100335e-07,4.2708412779320414e-05,4.4864440096515955e-05,4.270839789534564e-05,4.4864420929625414e-05,9.78583952894675e-05,7.741479801268466e-05,0.21802177517353571,0.007867183161602558,3.893933066398751e-06,1.4051020650577765e-07,1.7860294290785187e-05,7.01757321093173e-07,15,4,1.2969825135763992e-06
stage,low,5,3.982522426489323e-10,2.3183171585091915e-09,4.27084132631157e-05,4.4864439892601196e-05,4.270839838982109e-05,4.4864420729879134e-05,9.785839639807498e-05,7.74147976607842e-05,0.019825574366408624,0.0007153937935803102,1.1208158130249273e-08,4.0443956960133973e-10,5.65338381784276e-07,7.039068518410682e-07,22,5,1.2246324292261982e-09
stage,low,6,1.9928766306687587e-10,1.9069479975516716e-09,4.270841326238064e-05,4.486443989271252e-05,4.2708398389714106e-05,4.486442067594309e-05,9.785839639639097e-05,7.741479766097938e-05,0.017790779185676585,0.000641969446996473,5.512160785428778e-09,1.989029695803031e-10,3.0983245466093115e-07,7.039028037402775e-07,33,6,1.782578510445213e-13
stage,low,7,1.993275128866194e-10,1.906896039114119e-09,4.2708413262380166e-05,4.4864439892712374e-05,4.270839839817336e-05,4.486442067287181e-05,9.785839639639396e-05,7.741479766097994e-05,0.01779049413263282,0.000641959161030751,5.5128432411530155e-09,1.9892759558005926e-10,3.0987577973120464e-07,7.039028054487383e-07,47,19,1.7763486745503278e-13
stage,low,8,1.9930223181818045e-10,1.906908029522785e-09,4.2708413262380966e-05,4.486443989271257e-05,4.27083984227347e-05,4.486442064523186e-05,9.785839639639514e-05,7.741479766098143e-05,0.01779048773310351,0.0006419589301076279,5.5121967868752765e-09,1.9890426867060477e-10,3.098395541241121e-07,7.039028047902793e-07,61,31,1.7470799227524496e-13
stage,middle,0,0.07683931527819644,0.31734261982456013,7.319677283541237e-05,6.492522370661486e-05,7.319673542539305e-05,6.492517618132178e-05,6.469728238773462e-05,4.520296714959618e-05,194.1075484272274,7.004252833512379,2.992055158327723,0.1079664906931896,0.015414419390544568,6.466900446592582e-07,0,0,1.4538766118519244
stage,middle,1,0.014580398178963684,0.06020776935829195,7.523404234297927e-05,6.448712171120698e-05,7.523400484274226e-05,6.44870741009364e-05,6.64993048980672e-05,4.4897340768658185e-05,84.66726470869907,3.0551667544447945,0.43656677724501924,0.01575324664760657,0.005156264097429435,6.910366639425298e-07,3,1,0.09834159878173504
stage,middle,2,0.00035422959401476865,0.0014627452030372445,7.522051023093388e-05,6.44833459755528e-05,7.522047285529256e-05,6.448329853409493e-05,6.6487369912022e-05,4.489469970080853e-05,13.191105650117187,0.475993024875247,0.011522471546543752,0.00041578137807050307,0.0008735030900492703,7.011872539032266e-07,7,2,0.003959871172651825
stage,middle,3,2.656853806662719e-05,0.00010971477892607711,7.522053229628743e-05,6.448240750266538e-05,7.522049485577299e-05,6.4482360025211e-05,6.648739040172769e-05,4.489404585612894e-05,3.616393040504036,0.13049534346440592,0.0008085173634999088,2.917485734132774e-05,0.0002235701027085323,7.021643521838786e-07,11,3,0.00021227115428085612
stage,middle,4,1.977347573233663e-07,8.202410414254042e-07,7.522040772657669e-05,6.448252913806646e-05,7.522037034206833e-05,6.448248161340848e-05,6.64872802206008e-05,4.489413057309004e-05,0.3124992458196068,0.011276345230969065,6.146869021511945e-06,2.2180603026524617e-07,1.9670028340037287e-05,7.000334177736115e-07,17,4,1.676779399448145e-06
stage,middle,5,9.892837618783818e-08,4.1223345193351666e-07,7.522040715846282e-05,6.448252958217368e-05,7.52203697247737e-05,6.448248212968498e-05,6.64872797181145e-05,4.489413088243437e-05,0.22147871025438398,0.007991924561571233,3.074958101417017e-06,1.1095799297501615e-07,1.3883763806847212e-05,7.013718107678088e-07,26,6,8.383995888414744e-07
stage,middle,6,2.7007820620131914e-10,4.839884163985086e-09,7.522040659109218e-05,6.448253002632671e-05,7.522036919153336e-05,6.448248243157582e-05,6.648727921627966e-05,4.489413119181305e-05,0.022839804002993055,0.0008241604368353959,7.565025638577507e-09,2.729793493037462e-10,3.312211277113474e-07,7.007773348246294e-07,35,7,7.47505580550484e-10
stage,middle,7,2.6123784786141925e-10,4.803016765961753e-09,7.522040659118521e-05,6.448253002633166e-05,7.522036908961594e-05,6.448248255253349e-05,6.648727921636661e-05,4.4894131191814364e-05,0.022743026346947255,0.0008206682739747968,7.301925971596997e-09,2.634855578315633e-10,3.210621955145876e-07,7.00778002586369e-07,49,11,6.540684714356345e-10
stage,middle,8,2.3031154233249042e-10,4.679099889202031e-09,7.522040659151108e-05,6.448253002635571e-05,7.522036919433205e-05,6.448248225077809e-05,6.648727921664925e-05,4.489413119183468e-05,0.022417162307472784,0.000808909668292934,6.394911700301092e-09,2.3075649947583716e-10,2.852685639952449e-07,7.007802749305335e-07,63,13,3.270426449111211e-10
stage,middle,9,1.9931662352627036e-10,4.550164804371003e-09,7.522040659183358e-05,6.448253002637332e-05,7.522036923388044e-05,6.44824822666497e-05,6.648727921693668e-05,4.4894131191846836e-05,0.022071989352295884,0.0007964543121311615,5.516832178731159e-09,1.9907153396656276e-10,2.499472109503038e-07,7.007825460799824e-07,77,14,2.3353198916572007e-13
stage,middle,10,1.9934006818841868e-10,4.5513487462044636e-09,7.52204065918352e-05,6.448253002637332e-05,7.52203691739009e-05,6.44824822666497e-05,6.648727921694061e-05,4.4894131191846836e-05,0.02207508000174327,0.0007965658363368126,5.516948745862483e-09,1.9907574022060327e-10,2.4991749726056753e-07,7.00782545912187e-07,94,32,2.328269980852888e-13
stage,high,0,0.10353633226019776,0.46497228037675087,0.00011052877869482568,0.00011429224861078739,0.00011052874471046064,0.0001142922011857484,0.00010863416124538827,7.93289264347961e-05,182.93962174671537,6.601264991307152,4.16560627650007,0.15031336906722972,0.022770388594480967,6.269191574506372e-07,0,0,2.2047689805797894
stage,high,1,0.022764260497824474,0.10218650959039838,0.00011728074469923792,0.00011107045569008142,0.00011728071078816909,0.00011107040810215041,0.00011527813736218498,7.708978314181296e-05,85.14181792811652,3.0722907187557613,0.6629946239693317,0.023923757788751658,0.007786944654260077,6.851971361013231e-07,3,1,0.12214655199999207
stage,high,2,0.0007252980888832894,0.0032557877934338173,0.00011724586047015919,0.00011103249162854865,0.00011724582655816407,0.00011103244399540315,0.00011524414991170662,7.706332778128237e-05,15.20048075989656,0.5485001036586254,0.02218590142483466,0.0008005647599902963,0.0014595526138467766,7.008399269072162e-07,7,2,0.005946228369216775
stage,high,3,6.44172049683222e-05,0.00028916534960331643,0.00011724850758381444,0.00011102865990945601,0.0001172484736046273,0.00011102861239500167,0.00011524675045047921,7.706066851055407e-05,4.529585283322881,0.16344733016523955,0.001872784128921595,6.757827631044413e-05,0.0004134559814596823,7.008619121584751e-07,11,3,0.0003303219250657412
stage,high,4,4.6026038610817393e-07,2.06957573077994e-06,0.00011724838040647696,0.00011102858321998004,0.00011724834650223046,0.00011102853582889937,0.00011524662657770064,7.70606148846962e-05,0.38335946825312794,0.013833293262020952,1.3615211081392853e-05,4.912966114323084e-07,3.551552057246407e-05,7.006279704989956e-07,17,4,2.9216438536470326e-06
stage,high,5,7.557475386739851e-10,6.912435503007035e-09,0.00011724838159301168,0.0001110285799645163,0.00011724834762274958,0.00011102853248802804,0.00011524662773110352,7.706061262967038e-05,0.021430580266205538,0.0007733094553489782,2.198136932760886e-08,7.93184343653343e-10,1.0257010801649583e-06,7.01255636320729e-07,25,5,4.176897135934762e-09
stage,high,6,6.862032052935696e-10,6.600283421046587e-09,0.00011724838159194148,0.00011102857996450246,0.00011724834771804633,0.0001110285323863507,0.0001152466277300494,7.70606126296635e-05,0.020907014303535233,0.000754416896006089,1.9891849043398592e-08,7.177852749929576e-10,9.514437955894552e-07,7.012592081343303e-07,37,9,3.6547998384373747e-09
stage,high,7,6.558067439996942e-10,6.464451630786588e-09,0.00011724838159147278,0.00011102857996450286,0.00011724834771415082,0.00011102853235165653,0.00011524662772958869,7.706061262966364e-05,0.02067500232208322,0.0007460448847594303,1.8978563522726594e-08,6.848299224175173e-10,9.179473466107118e-07,7.012608024419359e-07,49,14,3.42637640569943e-09
stage,high,8,6.272666185877666e-10,6.3375415927524764e-09,0.00011724838159102981,0.00011102857996449991,0.00011724834767502488,0.00011102853233370656,0.00011524662772915564,7.706061262966145e-05,0.02045581884173033,0.0007381357821729515,1.8123070292284245e-08,6.539599694871506e-10,8.859616147613106e-07,7.012622283411796e-07,61,19,3.2122284653712948e-09
stage,high,9,1.993010639298974e-10,4.416304201352323e-09,0.0001172483815844494,0.0001110285799644204,0.00011724834764044219,0.00011102853236740127,0.00011524662772269543,7.706061262960363e-05,0.016789006550093875,0.0006058210906951931,5.517087217602854e-09,1.9908073688913345e-10,3.2861308387374507e-07,7.012796006912588e-07,73,20,2.021252458984716e-13
stage,high,10,1.9930937410971496e-10,4.417380673596999e-09,0.00011724838158444495,0.00011102857996441671,0.00011724834767727434,0.00011102853227618956,0.00011524662772268954,7.7060612629604e-05,0.016791366137363803,0.0006059062349667849,5.517223597086692e-09,1.9908565805986507e-10,3.285750279013856e-07,7.012795910468855e-07,89,21,1.0177420614028441e-13
stage,ablation,0,0.06883982012577891,0.4329809488698944,0.0001685094330842921,0.00016033028296078168,0.00016850938590440978,0.00016033022243013413,0.00011910051530871128,8.760208491579924e-05,145.7897545688249,5.260734627837533,2.796847831666355,0.10092255303094548,0.019184117841051788,6.528614059698209e-07,0,0,1.5068585124500613
stage,ablation,1,0.01602292867772502,0.10075818756718856,0.00017076679145412707,0.00016036756672900242,0.00017076674422407642,0.00016036750653047863,0.00012069927057137935,8.762080190129395e-05,70.22835431888504,2.5341474544220435,0.4851417406940983,0.01750604466155531,0.00690806078825685,6.905674818467365e-07,2,1,0.12960223684031613
stage,ablation,2,0.0009076551249544529,0.005707669323327811,0.00017088612002543106,0.00016035989402083572,0.00017088607285829468,0.00016035983371488522,0.00012078396139242637,8.761645441043773e-05,16.718261385711905,0.6032682944639559,0.026448820319638564,0.0009543895957057912,0.0015820317501581106,7.014936626855238e-07,5,2,0.005530971407494924
stage,ablation,3,4.7227170016788856e-05,0.0002969862814137587,0.0001708870532823723,0.000160350936887883,0.0001708870060762397,0.00016035087647692497,0.00012078462185554933,8.76115599940553e-05,3.8133149202139522,0.13760114973064635,0.0013969558553310647,5.040830244509265e-05,0.000366336346344216,7.013515604390225e-07,8,3,0.0003347101657798052
stage,ablation,4,1.9369455400388022e-07,1.2227315962295311e-06,0.00017088739971168873,0.00016035095902055025,0.0001708873525992003,0.00016035089845662645,0.00012078486709825325,8.761157190614822e-05,0.244718043915449,0.008830501783133946,6.031732398778022e-06,2.176513952571608e-07,2.4647681479760474e-05,7.024351054190661e-07,13,4,1.9616379944514863e-06
stage,ablation,5,9.695391667166897e-08,6.143921294284759e-07,0.0001708873981098964,0.00016035095957420763,0.000170887350880674,0.00016035089908573525,0.00012078486596487633,8.761157220921191e-05,0.1734283323809597,0.006258055899078436,3.0184987072369757e-06,1.0892069007324704e-07,1.7404876503144938e-05,7.0160959137605e-07,20,6,9.808265620216233e-07
stage,ablation,6,9.694800062590955e-08,6.143551332445817e-07,0.0001708873981098027,0.00016035095957424262,0.00017088735093197333,0.00016035089902695094,0.00012078486596480883,8.761157220923353e-05,0.17342311058568,0.006257867473771537,3.0183147382123697e-06,1.0891405166287961e-07,1.74043397562124e-05,7.016100255371951e-07,27,21,9.807667015667957e-07
cold_controls,blocks.0.mlp,0,0.02148009090082046,0.010874541391648618,8.156030328769526e-05,0.00013853941118844633,8.156030263069336e-05,0.0001385394105045312,0.007654669237642344,0.009877231161847211,30.921987517487423,1.1158011135687258,0.8306415884328855,0.029973196542620772,0.0268624902575596,6.859403540765395e-07,0,0,0.6024054729698154
cold_controls,blocks.0.mlp,1,0.0027588810741960876,0.001396481500173357,8.082623059431929e-05,0.00013872355902625142,8.08262299371272e-05,0.00013872355834202585,0.007585181704077787,0.009889617573279122,11.122790269548407,0.4013591222664702,0.08716667757000912,0.0031453565474638353,0.007836763568998604,7.00176976607265e-07,1,1,0.04291549913241813
cold_controls,blocks.0.mlp,2,0.00013456746970874874,6.811494316328317e-05,8.085206168143851e-05,0.00013870352390264685,8.085206102476419e-05,0.00013870352321895563,0.007587591904381126,0.009888174330013046,2.455977492581071,0.08862245415408397,0.0037933245980323336,0.00013687981111238048,0.0015445274272631053,7.045132167197845e-07,3,2,0.0006500616656638444
cold_controls,blocks.0.mlp,3,2.2790729961256367e-07,1.1544100109721732e-07,8.085187357689312e-05,0.00013870361132214655,8.085187292031211e-05,0.00013870361063717315,0.007587573962648789,0.009888181578063588,0.10111434628422453,0.0036486496903831295,6.757808532026928e-06,2.438514109436607e-07,6.683333058427987e-05,7.030470053374482e-07,6,3,2.4021519145153635e-06
cold_controls,blocks.1.mlp,0,0.021835858490348522,0.008600836314411954,8.378107283741892e-05,0.0001016925748526595,8.378107229850372e-05,0.00010169257430474723,0.007873884825573312,0.009520521850584471,28.008070068771595,1.010654174605449,0.798735303734707,0.028821877663916244,0.028518041470671697,6.857044278235691e-07,0,0,0.5788326848190429
cold_controls,blocks.1.mlp,1,0.00447571772182691,0.0017626424078097827,8.391231559781097e-05,0.00010110813049011473,8.391231505866281e-05,0.00010110812994258434,0.007885980614103302,0.009464806484449311,12.68043255185437,0.4575656967033759,0.13227220159115677,0.004772961949686677,0.01043120580076848,6.997349997368977e-07,1,1,0.04868359648852177
cold_controls,blocks.1.mlp,2,0.00024205199795679415,9.532568785765584e-05,8.391776209923698e-05,0.00010111617296859835,8.391776156002192e-05,0.00010111617242233924,0.00788655146930743,0.00946544144767671,2.9488031021332644,0.10640576655024024,0.00682999241683819,0.00024645612252662994,0.0023161914106428947,7.016520045969085e-07,3,2,0.0012765248231114234
cold_controls,blocks.1.mlp,3,2.7684506467417315e-07,1.0909135635401667e-07,8.391742947311881e-05,0.00010111618370512544,8.391742893449249e-05,0.0001011161831575352,0.007886525888999234,0.009465436225638422,0.09974290670686375,0.00359916212731022,8.401891603504745e-06,3.0317714868670636e-07,8.423547980406483e-05,7.01591811190254e-07,6,3,3.7645294854023833e-06
cold_controls,blocks.2.mlp,0,0.021611796310906522,0.007027465846336131,7.095981437914277e-05,7.068709639108414e-05,7.095981386021105e-05,7.068709587072165e-05,0.005909305898150402,0.006215247186444497,28.18856212647019,1.0171671207366284,0.826654484221586,0.029829324312017055,0.029325883332137904,6.863498968942283e-07,0,0,0.6207747132665234
cold_controls,blocks.2.mlp,1,0.0007860907268597247,0.0002555672304389134,7.0940247070593e-05,7.020716976551987e-05,7.094024655175802e-05,7.020716924630903e-05,0.005907248591739061,0.006172935910973478,5.3896287798731795,0.19448147668074592,0.023607697727006556,0.0008518694148523896,0.004380208487672885,7.02053542095215e-07,2,1,0.009371727642784253
cold_controls,blocks.2.mlp,2,2.2758896466806927e-05,7.3992377094934515e-06,7.093191344122242e-05,7.021011297632908e-05,7.093191292254605e-05,7.021011245605057e-05,0.0059065611146433125,0.006173189866436879,0.9170647233426188,0.033091722805385665,0.0006947093173656022,2.5068163211854996e-05,0.000757535754764886,7.016684203958829e-07,4,2,0.0002977041244851571
cold_controls,blocks.3.mlp,0,0.022307100541906443,0.006081111353805919,5.5733502505375306e-05,5.1911812691025084e-05,5.573350203851558e-05,5.1911812225394396e-05,0.004966532684257833,0.004985262092722836,30.36164843539526,1.0955816185760145,0.8577983245154185,0.03095313084809337,0.028252692746267592,6.854629521298212e-07,0,0,0.6235699214705712
cold_controls,blocks.3.mlp,1,0.0014599749266748113,0.0003979358834360268,5.569371527566963e-05,5.196098056189424e-05,5.569371480827863e-05,5.1960980095145223e-05,0.004962710680235781,0.004989909323056661,7.764085581956845,0.2801623062971298,0.04297139127706644,0.0015505965200795255,0.00553463647759483,7.00218277139443e-07,2,1,0.01377819029687545
cold_controls,blocks.3.mlp,2,8.090588124361574e-05,2.2052036865802862e-05,5.569621325865735e-05,5.19659748357456e-05,5.5696212791767615e-05,5.196597436986572e-05,0.004962935496031119,0.00499038908502564,1.8276703501056986,0.06595037303896392,0.002356983879898343,8.505032984595069e-05,0.0012896110503527252,7.00403591867135e-07,4,2,0.0006874895140697547
cold_controls,blocks.3.mlp,3,3.360864103203745e-07,9.165604854871692e-08,5.569615398547716e-05,5.196584947119685e-05,5.569615351873179e-05,5.1965849006649063e-05,0.004962930136932612,0.004990376880122843,0.11782564818442932,0.004251666856045151,1.0549786043812532e-05,3.8068261326808995e-07,8.95372629505864e-05,7.015382114895154e-07,7,3,4.639461366724844e-06
cold_controls,blocks.4.mlp,0,0.024448185732395676,0.005708438157314654,4.271635055070615e-05,3.5829743469796285e-05,4.271635011774768e-05,3.582974300609428e-05,0.00394913567370436,0.0031723753885940374,35.01601945348181,1.263531766088556,0.9490031815207317,0.03424420264455379,0.027101972078278812,6.850962265876352e-07,0,0,0.663140029139171
cold_controls,blocks.4.mlp,1,0.0014307307065658955,0.00033400470022494535,4.244293461968049e-05,3.558823362149649e-05,4.244293418763498e-05,3.5588233157674434e-05,0.003923670051824307,0.0031509790449642506,8.498109243885906,0.30664910372252346,0.0444627870652771,0.001604412630066332,0.005232079959111673,7.012118150820955e-07,2,1,0.018204785910593498
cold_controls,blocks.4.mlp,2,8.485040183058942e-05,1.980840470601403e-05,4.244761359042244e-05,3.55912573148432e-05,4.244761315682936e-05,3.559125685013617e-05,0.003924100606087976,0.0031512488945860586,2.0694586259380223,0.0746751559226319,0.002579751469107061,9.308876282071519e-05,0.0012465827713456887,7.010745598005719e-07,4,2,0.0009821595198739627
cold_controls,blocks.4.mlp,3,9.806224944311009e-07,2.289743530467627e-07,4.2447337986335e-05,3.559105893422194e-05,4.244733755430358e-05,3.5591058470035005e-05,0.003924074923965069,0.0031512313807531647,0.22248287902519254,0.008028159380954867,2.848657585275212e-05,1.0279207648049234e-06,0.00012803940679645054,7.016974180210013e-07,7,3,7.671510932741767e-06
cold_controls,blocks.5.mlp,0,0.026339583243215427,0.005362797025665318,3.7689174586768055e-05,1.984857012945804e-05,3.768917417169503e-05,1.9848569738245176e-05,0.003528257306860669,0.002126455973654194,43.71714671621482,1.577506651550562,1.0434220187098222,0.0376512489612866,0.023867569068106952,6.844291262809979e-07,0,0,0.6709895305741568
cold_controls,blocks.5.mlp,1,0.0025316670877550073,0.0005153684896807705,3.755421644651958e-05,1.9832423642866683e-05,3.7554216031379695e-05,1.9832423250879534e-05,0.0035154119575390276,0.0021247828687456813,13.55855771872542,0.48925230929557495,0.07496086662878639,0.002704917282926481,0.005528675555605713,7.004991141540738e-07,2,1,0.019948682305277844
cold_controls,blocks.5.mlp,2,0.0001369675889321713,2.788236567473384e-05,3.755463520529742e-05,1.9824990395831256e-05,3.75546347905971e-05,1.982499000425735e-05,0.0035154294684589774,0.0021240018593291403,3.153187808828629,0.11378086438954095,0.003914645995722626,0.0001412576199633047,0.0012414883708360112,7.027466621309553e-07,5,2,0.000681772044720697
cold_controls,blocks.5.mlp,3,7.593824058699363e-07,1.5462914797243483e-07,3.755473134085809e-05,1.9825168914923238e-05,3.755473092617999e-05,1.982516852307691e-05,0.0035154380347643677,0.002124021368410898,0.23483488302941874,0.008473873933259326,2.2403020279895414e-05,8.083993618287581e-07,9.539903097398394e-05,7.026345035274984e-07,9,3,6.541157974790859e-06
warm_control,blocks.0.mlp,0,0.01183829789971408,0.008634590261799002,0.0001517131216087858,0.00021172465840738034,0.00015171312069011184,0.00021172465744260163,0.010172411913457467,0.010736585684078254,20.57090118556517,0.7422884585599527,0.4489954606413231,0.016201728129137963,0.021826727793354442,6.931831533774054e-07,0,0,0.34224664201873894
warm_control,blocks.0.mlp,1,0.0009751917953709936,0.0007112421675125971,0.00015176667593379896,0.0002117440141087325,0.00015176667501365897,0.0002117440131447071,0.010176178235787058,0.010737272799917052,5.903602372044362,0.21302790116802037,0.03408155925862992,0.0012298123382733527,0.005773010631613355,7.01319486026618e-07,1,1,0.022740640925818865
warm_control,blocks.0.mlp,2,1.9419004220559156e-05,1.416307947819491e-05,0.0001517381471826486,0.0002117274860424183,0.0001517381462635655,0.00021172748507665778,0.010174297618785556,0.010736398986255192,0.833016984519713,0.030058911265749163,0.0005732601855941518,2.068574515428145e-05,0.000688173466144478,7.017598182451859e-07,3,2,0.0002146458112373401
