phase,iteration,dual_value,gradient_norm_internal,normalized_gap,sigma_min_U,sigma_min_D,rcond_U,rcond_D
production Newton research admission,0,1.2454256126297372,0.7872080233328974,0.03735431746283596,4.790246435064364e-05,3.7724706207382056e-05,0.00012939482291707301,8.712293147996454e-05
production Newton research admission,1,1.245348545290243,0.06748398689341138,0.007635148860130459,4.796934079641627e-05,3.7618528385007126e-05,0.0001295757362689593,8.687755200275357e-05
production Newton research admission,2,1.2453477307554484,0.0034917304479245128,0.0005839443174242377,4.7956272950963047e-05,3.758107177219394e-05,0.00012954045037134724,8.67910417105244e-05
production Newton research admission,3,1.2453477285327956,0.0001094726126455319,1.2822833739493453e-05,4.795753309789714e-05,3.7580552716440625e-05,0.00012954385797686523,8.6789841260466e-05
production Newton research admission,4,1.2453477285310668,1.1113182282713151e-06,1.0554346112203354e-07,4.795752936322764e-05,3.758054051093848e-05,0.00012954384787178976,8.678981308065487e-05
production Newton research admission,5,1.245347728531056,5.55663474170817e-07,5.288709804116559e-08,4.7957529469947664e-05,3.7580540582307436e-05,0.00012954384816056246,8.678981324522821e-05
production Newton research admission,6,1.24534772853106,5.555956506394501e-07,5.288066767758651e-08,4.795752946996369e-05,3.758054058231799e-05,0.0001295438481605986,8.678981324525915e-05
independent LBFGS,0,1.2454432657541588,0.8739319080049343,,4.779797249551669e-05,3.7750242372788346e-05,0.00012911246462551617,8.718196830394731e-05
independent LBFGS,5,1.2453477305358005,0.0032583898381690546,,4.795540336122625e-05,3.75820883401853e-05,0.00012953810199895895,8.679338912160424e-05
independent LBFGS,10,1.2453477285313455,3.26955306055022e-05,,4.795753324304635e-05,3.758052805938738e-05,0.00012954385835356057,8.67897843225827e-05
independent LBFGS,15,1.2453477285310672,3.056795512622493e-07,,4.795752964632887e-05,3.758054050329474e-05,0.00012954384863766844,8.678981306241726e-05
independent LBFGS,20,1.2453477285310701,1.082032691430545e-09,,4.795752957559001e-05,3.75805406535365e-05,0.00012954384844640423,8.678981340948048e-05
independent LBFGS,25,1.2453477285310461,7.598584426030167e-12,,4.795752957641622e-05,3.7580540653546505e-05,0.0001295438484486426,8.678981340950442e-05
independent LBFGS,26,1.2453477285310637,1.7609302240538376e-12,,4.795752957641776e-05,3.758054065354409e-05,0.00012954384844864218,8.678981340949785e-05
