zero_based_step,paired_lr_256,paired_lr_512,adam_lr_256,adam_lr_512,512_to_256_ratio
0,4.7105571976599585e-05,2.401460532140371e-05,1.1538461538461538e-05,5.88235294117647e-06,0.5098039215686274
1,9.421114395319917e-05,4.802921064280742e-05,2.3076923076923076e-05,1.176470588235294e-05,0.5098039215686274
2,0.00014131671592979876,7.204381596421113e-05,3.461538461538461e-05,1.764705882352941e-05,0.5098039215686274
3,0.00018842228790639834,9.605842128561484e-05,4.615384615384615e-05,2.352941176470588e-05,0.5098039215686274
4,0.00023552785988299792,0.00012007302660701854,5.769230769230769e-05,2.941176470588235e-05,0.5098039215686274
5,0.0002826334318595975,0.00014408763192842226,6.923076923076922e-05,3.529411764705882e-05,0.5098039215686274
6,0.00032973900383619705,0.00016810223724982598,8.076923076923076e-05,4.11764705882353e-05,0.5098039215686275
7,0.0003768445758127967,0.00019211684257122968,9.23076923076923e-05,4.705882352941176e-05,0.5098039215686274
8,0.0004239501477893962,0.0002161314478926334,0.00010384615384615383,5.294117647058824e-05,0.5098039215686275
9,0.00047105571976599584,0.00024014605321403707,0.00011538461538461538,5.88235294117647e-05,0.5098039215686274
10,0.0005181612917425954,0.0002641606585354408,0.0001269230769230769,6.470588235294117e-05,0.5098039215686275
11,0.000565266863719195,0.0002881752638568445,0.00013846153846153845,7.058823529411764e-05,0.5098039215686274
12,0.0006123724356957946,0.0003121898691782482,0.00015,7.647058823529411e-05,0.5098039215686274
13,0.0006594780076723941,0.00033620447449965197,0.00016153846153846153,8.23529411764706e-05,0.5098039215686275
14,0.0007065835796489936,0.00036021907982105564,0.00017307692307692304,8.823529411764705e-05,0.5098039215686275
15,0.0007536891516255934,0.00038423368514245936,0.0001846153846153846,9.411764705882352e-05,0.5098039215686274
16,0.0008007947236021929,0.00040824829046386303,0.00019615384615384615,9.999999999999999e-05,0.5098039215686274
17,0.0008479002955787924,0.0004322628957852668,0.00020769230769230766,0.00010588235294117647,0.5098039215686275
18,0.000895005867555392,0.0004562775011066705,0.0002192307692307692,0.00011176470588235293,0.5098039215686275
19,0.0009421114395319917,0.00048029210642807415,0.00023076923076923076,0.0001176470588235294,0.5098039215686274
20,0.0009892170115085913,0.0005043067117494779,0.0002423076923076923,0.00012352941176470587,0.5098039215686274
21,0.0010363225834851908,0.0005283213170708816,0.0002538461538461538,0.00012941176470588234,0.5098039215686275
22,0.0010834281554617904,0.0005523359223922853,0.00026538461538461536,0.0001352941176470588,0.5098039215686275
23,0.00113053372743839,0.000576350527713689,0.0002769230769230769,0.00014117647058823528,0.5098039215686274
24,0.0011776392994149896,0.0006003651330350927,0.00028846153846153843,0.00014705882352941175,0.5098039215686274
25,0.0012247448713915891,0.0006243797383564964,0.0003,0.00015294117647058822,0.5098039215686274
26,0.0012247448713915891,0.0006483943436779001,0.0003,0.0001588235294117647,0.5294117647058824
27,0.001224693009289348,0.0006724089489993039,0.0002999872964312521,0.0001647058823529412,0.5490428571887435
28,0.0012245374327431247,0.0006964235543207076,0.00029994918811583295,0.00017058823529411763,0.5687237774027268
29,0.001224278171032584,0.0007204381596421113,0.0002998856822257664,0.0001764705882352941,0.5884595320640875
30,0.0012239152729510438,0.0007444527649635149,0.0002997967907129255,0.00018235294117647055,0.6082551475712263
31,0.0012234488067962928,0.0007684673702849187,0.0002996825303067837,0.00018823529411764704,0.6281156726918696
32,0.001222878860357736,0.0007924819756063224,0.0002995429225112656,0.0001941176470588235,0.6480461812664691
33,0.001222205540899874,0.0008164965809277261,0.00029937799360070066,0.00019999999999999998,0.6680517749302328
34,0.0012214289751421143,0.0008405111862491298,0.0002991877746148778,0.00020588235294117645,0.6881375858562186
35,0.0012205493092349235,0.0008645257915705336,0.0002989723013532038,0.00021176470588235295,0.7083087795219384
36,0.0012195667087323214,0.0008885403968919372,0.00029873161436796606,0.0002176470588235294,0.7285705575019594
37,0.0012184813585607232,0.000912555002213341,0.00029846575895670026,0.00022352941176470586,0.7489281602890141
38,0.0012172934629841364,0.0009365696075347446,0.0002981747851536656,0.0002294117647058823,0.7693868701461595
39,0.0012160032455657192,0.0009605842128561483,0.0002978587477204283,0.0002352941176470588,0.7899520139925756
40,0.0012146109491257028,0.0009845988181775521,0.0002975177061355549,0.00024117647058823527,0.8106289663256229
41,0.001213116835695696,0.0010086134234989557,0.00029715172458341925,0.00024705882352941174,0.8314231521818243
42,0.0012115211864693674,0.0010326280288203596,0.0002967608719421221,0.0002529411764705882,0.8523400501394937
43,0.0012098243017495272,0.0010566426341417632,0.0002963452217705287,0.0002588235294117647,0.8733851953657669
44,0.0012080265008916073,0.0010806572394631668,0.00029590485229442453,0.00026470588235294115,0.8945641827108651
45,0.0012061281222435609,0.0011046718447845706,0.00029543984639179366,0.0002705882352941176,0.9158826698524632
46,0.0012041295230821823,0.0011286864501059742,0.0002949502915772205,0.0002764705882352941,0.9373463804931066
47,0.00120203107954587,0.001152701055427378,0.00029443627998541986,0.00028235294117647056,0.9589611076136826
48,0.001199833186563834,0.0011767156607487817,0.00029389790835389665,0.00028823529411764703,0.9807327167860244
49,0.0011975362577817724,0.0012007302660701853,0.0002933352780047403,0.0002941176470588235,1.0026671495477968
50,0.0011951407254840215,0.0012247448713915891,0.00029274849482555565,0.0003,1.024770426842896
51,0.0011926470405121995,0.0012247448713915891,0.0002921376692495346,0.0003,1.026913101520467
52,0.0011900556721803578,0.001224732018213009,0.0002915029162346726,0.00029999685162709054,1.0291384233891505
53,0.001187367108186656,0.0012246934592767737,0.00029084435524213373,0.00029998740665521047,1.0314362347017703
54,0.0011845818545215753,0.0012246291963813707,0.0002901621102137673,0.00029997166552489735,1.0338071545726737
55,0.0011817004353726927,0.0012245392325241863,0.0002894563095487826,0.0002999496289703579,1.0362518248019286
56,0.0011787233930260267,0.0012244235719013651,0.00028872708607958364,0.00029992129801943344,1.0387709102455467
57,0.001175651287763979,0.0012242822199076148,0.00028797457704677005,0.0002998866739935521,1.0413650992005707
58,0.0011724846977598888,0.0012241151831359548,0.0002871989240733082,0.00029984575850766724,1.044035103805371
59,0.00116922421896922,0.0012239224693774075,0.0002864002731378777,0.00029979855347018173,1.046781660455519
60,0.0011658704650174018,0.0012237040876206366,0.00028557877454739794,0.0002997450610828596,1.049605530235618
61,0.0011624240670843437,0.0012234600480515265,0.0002847345829087404,0.0002996852838407228,1.052507499367487
62,0.0011588856737856468,0.001223190362052708,0.0002838678570996313,0.000299619224531935,1.055488379675108
63,0.0011552559510505335,0.0012228950422030265,0.00028297876023875067,0.0002995468862376715,1.058549009066766
64,0.0011515355819965195,0.0012225741022769568,0.00028206745965503316,0.0002994682723319757,1.0616902520348277
65,0.0011477252668008501,0.0012222275572439589,0.00028113412685617687,0.0002993833864816017,1.0649130001736176
66,0.0011438257225687258,0.001221855423267781,0.00028017893749636506,0.00029929223264584274,1.0682181727158762
67,0.0011398376831983426,0.001221457717705705,0.00027920207134320813,0.0002991948150763474,1.0716067170882957
68,0.001135761899242772,0.001221034459107737,0.00027820371224391107,0.0002990911383169207,1.0750796094866517
69,0.0011315991377687051,0.0012205856672157422,0.00027718404809067313,0.00029898120720331216,1.078637855471065
70,0.0011273501822120916,0.0012201113629625243,0.00027614327078532647,0.0002988650268629906,1.082282490581956
71,0.0011230158322306945,0.0012196115684708483,0.00027508157620322,0.00029874260271490463,1.0860145809772614
72,0.0011185969035535947,0.0012190863070524098,0.00027399916415635537,0.00029861394046923014,1.089835224091518
73,0.0011140942278276703,0.0012185356032067471,0.0002728962383557823,0.0002984790461271039,1.0937455493174246
74,0.0011095086524610782,0.001217959482620098,0.00027177300637325967,0.0002983379259803436,1.0977467187105368
75,0.001104841040463773,0.0012173579721642023,0.0002706296796021906,0.0002981905866111543,1.1018399277177453
76,0.0011000922702850866,0.0012167310998950486,0.0002694664732178379,0.00029803703489182155,1.1060264059302363
77,0.0010952632356484033,0.0012160788950515656,0.0002682836061368278,0.00029787727798439103,1.1103074178616419
78,0.0010903548453829598,0.0012154013880542576,0.00026708130097594974,0.0002977113233403341,1.1146842637521168
79,0.001085368023252803,0.0012146986105037866,0.00026585978401025945,0.0002975391787002004,1.1191582803991085
80,0.0010803037077829374,0.001213970595179498,0.00026461928513049404,0.00029736085209325694,1.1237308420156027
81,0.001075162852082692,0.001213217376037891,0.00026336003779980606,0.00029717635183711355,1.1284033611166668
82,0.0010699464236663455,0.0012124389882110364,0.00026208227900982573,0.00029698568653733473,1.133177289435126
83,0.0010646554042710384,0.0012116354680049356,0.0002607862492360586,0.0002967888650870385,1.138054118867253
84,0.0010592907896720106,0.00121080685289783,0.0002594721923926282,0.00029658589666648144,1.1430353824493589
85,0.0010538535894951925,0.0012099531815384504,0.00025814035578637076,0.00029637679074263066,1.1481226553662274
86,0.0010483448270271957,0.001209074493744216,0.00025679099007029204,0.00029616155706872207,1.1533175559923383
87,0.001042765539022727,0.0012081708304993765,0.00025542434919639416,0.00029594020568380556,1.1586217469668838
88,0.0010371167755094716,0.0012072422339531002,0.0002540406903678814,0.0002957127469122768,1.164036936303587
89,0.0010313995995904753,0.0012062887474175088,0.00025264027399075456,0.0002954791913633955,1.1695648785363835
90,0.0010256150872440695,0.0012053104153656568,0.0002512233636248022,0.0002952395499307908,1.1752073759020518
91,0.001019764327121369,0.0012043072834294574,0.00024979022593399824,0.0002949938337919529,1.1809662795609093
92,0.001013848420341388,0.0012032793983975535,0.0002483411306363157,0.000294742054407712,1.1868434908567294
93,0.0010078684802838072,0.0012022268082131358,0.0002468763504529655,0.0002944842235217035,1.1928409626170657
94,0.0010018256323794364,0.0012011495619717075,0.00024539616105707,0.0002942203531598205,1.1989607004952116
95,0.000995721013898406,0.0012000477099187927,0.00024390084102178115,0.00029395045562965246,1.2052047643550428
96,0.0009895557737361312,0.001198921303447593,0.00024239067176785243,0.0002936745435199117,1.2115752697000481
97,0.0009833310721970897,0.0011977703950965923,0.00024086593751067558,0.0002933926296998457,1.2180743891478722
98,0.0009770480807764514,0.001196595038547104,0.00023932692520679076,0.00029310472731863726,1.2247043539517324
99,0.0009707079819396006,0.0011953952886207685,0.00023777392449988096,0.0002928108498047909,1.2314674555701226
100,0.0009643119688995955,0.0011941712012769957,0.00023620722766626098,0.00029251101086550665,1.238366047286232
